{
	"info": {
		"_postman_id": "8ee05a0b-857f-4836-bf73-fa91cbc2d299",
		"name": "Assignment8",
		"description": "StartFragment\n\nThis collection is done to test requests made to the Assignment8 DTS Golang project.\n\nEndFragment",
		"schema": "https://schema.getpostman.com/json/collection/v2.1.0/collection.json",
		"_exporter_id": "15577127"
	},
	"item": [
		{
			"name": "Create Author",
			"request": {
				"method": "POST",
				"header": [],
				"body": {
					"mode": "raw",
					"raw": "{\r\n    \"name\": \"Jerikho\"\r\n}"
				},
				"url": {
					"raw": "http://localhost:8000/author",
					"protocol": "http",
					"host": [
						"localhost"
					],
					"port": "8000",
					"path": [
						"author"
					]
				},
				"description": "StartFragment\n\nThis request aims to add author items by providing the value \"name\"\n\nEndFragment"
			},
			"response": []
		},
		{
			"name": "Create Author 2",
			"request": {
				"method": "POST",
				"header": [],
				"body": {
					"mode": "raw",
					"raw": "{\r\n    \"name\": \"Simon\"\r\n}"
				},
				"url": {
					"raw": "http://localhost:8000/author",
					"protocol": "http",
					"host": [
						"localhost"
					],
					"port": "8000",
					"path": [
						"author"
					]
				},
				"description": "StartFragment\n\nThis request aims to add author items by providing the value \"name\"\n\nEndFragment"
			},
			"response": []
		},
		{
			"name": "Update Author",
			"request": {
				"method": "PUT",
				"header": [],
				"body": {
					"mode": "raw",
					"raw": "{\r\n    \"name\": \"Rafael\"\r\n}"
				},
				"url": {
					"raw": "http://localhost:8000/author/1",
					"protocol": "http",
					"host": [
						"localhost"
					],
					"port": "8000",
					"path": [
						"author",
						"1"
					]
				},
				"description": "StartFragment\n\nThis request aims to author book items with \"id\"=1, this request gives new value ​​to \"name\"\n\nEndFragment"
			},
			"response": []
		},
		{
			"name": "Get AuthorById",
			"request": {
				"method": "GET",
				"header": [],
				"url": {
					"raw": "http://localhost:8000/author/2",
					"protocol": "http",
					"host": [
						"localhost"
					],
					"port": "8000",
					"path": [
						"author",
						"2"
					]
				},
				"description": "This request aims to retrieve author items with \"id\"=2"
			},
			"response": []
		},
		{
			"name": "Get Authors",
			"request": {
				"method": "GET",
				"header": [],
				"url": {
					"raw": "http://localhost:8000/authors",
					"protocol": "http",
					"host": [
						"localhost"
					],
					"port": "8000",
					"path": [
						"authors"
					]
				},
				"description": "This request aims to retrieve all authors items"
			},
			"response": []
		},
		{
			"name": "Create Book",
			"request": {
				"method": "POST",
				"header": [],
				"body": {
					"mode": "raw",
					"raw": "{\r\n    \"author_id\": 1,\r\n    \"publisher\": \"Gramedia Pustaka Utama\",\r\n    \"title\": \"ABC of Jerikho\"\r\n}"
				},
				"url": {
					"raw": "http://localhost:8000/book",
					"protocol": "http",
					"host": [
						"localhost"
					],
					"port": "8000",
					"path": [
						"book"
					]
				},
				"description": "This request aims to add book items by providing the values ​​\"author_id\", \"publisher\", and \"title\""
			},
			"response": []
		},
		{
			"name": "Create Book 2",
			"request": {
				"method": "POST",
				"header": [],
				"body": {
					"mode": "raw",
					"raw": "{\r\n    \"author_id\": 1,\r\n    \"publisher\": \"Gramedia Pustaka Utama\",\r\n    \"title\": \"XYZ of Jerikho\"\r\n}"
				},
				"url": {
					"raw": "http://localhost:8000/book",
					"protocol": "http",
					"host": [
						"localhost"
					],
					"port": "8000",
					"path": [
						"book"
					]
				},
				"description": "StartFragment\n\nThis request aims to add book items by providing the values ​​\"author_id\", \"publisher\", and \"title\"\n\nEndFragme"
			},
			"response": []
		},
		{
			"name": "Create Book 3",
			"request": {
				"method": "POST",
				"header": [],
				"body": {
					"mode": "raw",
					"raw": "{\r\n    \"author_id\": 2,\r\n    \"publisher\": \"Penerbit Erlangga\",\r\n    \"title\": \"ABC of Simon\"\r\n}"
				},
				"url": {
					"raw": "http://localhost:8000/book",
					"protocol": "http",
					"host": [
						"localhost"
					],
					"port": "8000",
					"path": [
						"book"
					]
				},
				"description": "This request aims to add book items by providing the values ​​\"author_id\", \"publisher\", and \"title\""
			},
			"response": []
		},
		{
			"name": "Create Book 4",
			"request": {
				"method": "POST",
				"header": [],
				"body": {
					"mode": "raw",
					"raw": "{\r\n    \"author_id\": 2,\r\n    \"publisher\": \"Penerbit Erlangga\",\r\n    \"title\": \"XYZ of Simon\"\r\n}"
				},
				"url": {
					"raw": "http://localhost:8000/book",
					"protocol": "http",
					"host": [
						"localhost"
					],
					"port": "8000",
					"path": [
						"book"
					]
				},
				"description": "This request aims to add book items by providing the values ​​\"author_id\", \"publisher\", and \"title\""
			},
			"response": []
		},
		{
			"name": "Update Book",
			"request": {
				"method": "PUT",
				"header": [],
				"body": {
					"mode": "raw",
					"raw": "{\r\n    \"author_id\": 2,\r\n    \"publisher\": \"Penerbit Erlangga\",\r\n    \"title\": \"JKL of Simon\"\r\n}"
				},
				"url": {
					"raw": "http://localhost:8000/book/3",
					"protocol": "http",
					"host": [
						"localhost"
					],
					"port": "8000",
					"path": [
						"book",
						"3"
					]
				},
				"description": "This request aims to update book items with \"id\"=1, this request gives new values ​​to \"author_id\", \"publisher\", and \"title\""
			},
			"response": []
		},
		{
			"name": "Delete Book",
			"request": {
				"method": "DELETE",
				"header": [],
				"url": {
					"raw": "http://localhost:8000/book/1",
					"protocol": "http",
					"host": [
						"localhost"
					],
					"port": "8000",
					"path": [
						"book",
						"1"
					]
				},
				"description": "This request aims to delete book items with \"id\"=1"
			},
			"response": []
		},
		{
			"name": "Get BookById",
			"request": {
				"method": "GET",
				"header": [],
				"url": {
					"raw": "http://localhost:8000/book/4",
					"protocol": "http",
					"host": [
						"localhost"
					],
					"port": "8000",
					"path": [
						"book",
						"4"
					]
				},
				"description": "This request aims to retrieve book items with \"id\"=4"
			},
			"response": []
		},
		{
			"name": "Get Books",
			"request": {
				"method": "GET",
				"header": [],
				"url": {
					"raw": "http://localhost:8000/authors",
					"protocol": "http",
					"host": [
						"localhost"
					],
					"port": "8000",
					"path": [
						"authors"
					]
				},
				"description": "This request aims to retrieve all book items"
			},
			"response": []
		}
	]
}